id;profil;pays;ville;date_naissence;naissance_lieu;etat_civil;linked_id;adresse;sexe;code_postal
1;connecting portals Awesome;parse standardization wireless;interface;2021-03-03T12:22:07;Forward Principal driver;HTTP red;mission-critical invoice withdrawal;Consultant;logistical;Practical Rubber Soap Incredible Steel Chicken Grenada
2;Fresh Ghana;Open-source;SSL Sudan back-end;2021-03-03T00:31:30;Movies American Samoa;hard drive;Steel Front-line;Technician overriding Plastic;Personal Loan Account Outdoors parsing;Planner
3;Steel;Program Investment Account;payment COM;2021-03-03T01:48:15;programming Berkshire;Concrete mobile primary;indigo calculating;service-desk;Industrial;overriding
4;California Forward Profit-focused;Outdoors;Money Market Account aggregate magenta;2021-03-02T17:19:10;protocol Planner;Agent;Fantastic Chips;neutral Fresh;Chips Customer context-sensitive;Vision-oriented
5;24/7;Seamless;Cambridgeshire;2021-03-03T10:41:07;Gloves deposit Digitized;Automotive Bedfordshire;copying reboot solution;Forward Delaware index;Shirt cultivate Licensed Fresh Chair;Fiji Dollar Savings Account Pataca
6;Auto Loan Account Front-line incentivize;Shoals Organized;Communications;2021-03-03T13:47:15;Rupiah niches;Baht;clicks-and-mortar;Assistant Pants program;Gloves;SDD overriding
7;Hat Moldovan Leu;calculate;pixel;2021-03-02T16:02:45;bus deposit Chicken;interactive overriding;paradigms Administrator index;Kansas;Avon;Pants ADP JSON
8;intuitive Steel;copy National Minnesota;Devolved;2021-03-03T01:09:04;microchip fresh-thinking;Benin Outdoors Auto Loan Account;scalable compressing;monitor Grocery;infrastructures;enterprise
9;Center;1080p;Pants;2021-03-03T12:54:51;model Northern Mariana Islands;data-warehouse Austria;Devolved;target open-source;Orchestrator HTTP Hat;AGP Incredible
10;Sleek Fresh Keyboard Chips;Tennessee Fantastic;back up Florida;2021-03-02T22:06:55;Shoes;whiteboard Borders Senior;Operations input;Licensed Steel Ball Shoes Electronics;Chicken Function-based bypass;Licensed Frozen Towels Tuna
