id;period_bigin;period_end;period_now;ville;poste;employeur;description
1;2021-03-03T10:49:15;2021-03-03T13:40:22;false;National pixel action-items;copying Home Loan Account;bandwidth;Nebraska Idaho
2;2021-03-03T03:37:25;2021-03-03T01:51:17;false;Pants USB Mobility;back-end infomediaries Money Market Account;indexing Zambian Kwacha Panama;Factors Islands
3;2021-03-03T01:14:07;2021-03-02T19:05:12;false;withdrawal;payment Unbranded parse;application Cambridgeshire;Rubber infomediaries
4;2021-03-03T04:00:39;2021-03-02T20:49:07;true;Bahrain back-end Grocery;hacking;heuristic;Plastic
5;2021-03-03T00:59:34;2021-03-03T11:57:21;false;Buckinghamshire Frozen;application Synchronised;withdrawal primary;Soft
6;2021-03-02T18:13:17;2021-03-03T05:38:46;false;primary Generic Metal Bike;Generic;Assistant Lead;auxiliary card
7;2021-03-02T18:07:49;2021-03-03T02:13:15;true;Customer Investor payment;Handmade Steel Shirt primary;Tasty Steel Pizza;Response zero tolerance
8;2021-03-02T23:56:58;2021-03-02T17:47:36;true;Fresh;generate vortals proactive;Oman generate Agent;Handmade Cotton Salad Massachusetts
9;2021-03-02T22:42:18;2021-03-03T10:18:25;true;black;enable;next-generation indexing Garden;Kazakhstan e-business virtual
10;2021-03-03T11:26:46;2021-03-03T04:03:47;false;navigating Chief;Practical;Cotton;deposit Global
