id;period_bigin;period_end;period_now;diplome;ville;description
1;2021-03-03T04:03:09;2021-03-03T10:43:42;false;olive Harbor;repurpose;bus GB Berkshire
2;2021-03-03T03:45:54;2021-03-02T20:22:01;true;EXE Unbranded Granite Towels black;pixel;Awesome internet solution SMTP
3;2021-03-03T06:05:55;2021-03-03T01:27:59;false;Cambridgeshire;Expanded models Saint Kitts and Nevis;interface
4;2021-03-03T06:39:00;2021-03-03T06:11:58;false;Ouguiya Italy orchid;Health Unbranded;Ball architectures Extended
5;2021-03-02T21:05:50;2021-03-02T22:02:19;true;Licensed Branding;Ball Clothing;solutions
6;2021-03-03T13:07:42;2021-03-03T06:34:27;false;Bedfordshire purple Granite;Garden front-end Buckinghamshire;Berkshire online Towels
7;2021-03-03T12:22:21;2021-03-03T12:23:11;false;Functionality Refined Steel Computer sensor;Buckinghamshire Bouvet Island (Bouvetoya) Director;withdrawal facilitate Car
8;2021-03-03T05:07:56;2021-03-03T07:04:06;true;Operations Analyst invoice;Hat Garden;Australia bypassing index
9;2021-03-03T06:29:20;2021-03-02T20:04:40;false;Representative calculate withdrawal;Avon Denar calculate;dynamic
10;2021-03-02T20:30:54;2021-03-02T22:42:55;false;Sports driver card;backing up navigate copying;intuitive interfaces sensor
